{
  "ppo_model": "/home/shokran/PycharmProjects/JupyterProject/Models/newTrail/outputs_ppo_dqn_compare/ppo_model.zip",
  "dqn_model": "/home/shokran/PycharmProjects/JupyterProject/Models/newTrail/outputs_ppo_dqn_compare/dqn_model.zip",
  "obs_scaler": "/home/shokran/PycharmProjects/JupyterProject/Models/newTrail/outputs_ppo_dqn_compare/obs_scaler.pkl",
  "obs_dim": 60,
  "top_k": 6,
  "action_meanings": {
    "0": "ALLOW",
    "1": "BLOCK_src1",
    "2": "BLOCK_src2",
    "3": "BLOCK_src3",
    "4": "BLOCK_src4",
    "5": "BLOCK_src5",
    "6": "BLOCK_src6"
  },
  "ppo_best_params": {
    "lr": 0.0004754829662435213,
    "n_steps": 2048,
    "batch_size": 128,
    "gamma": 0.9282487869684428,
    "ent_coef": 0.017507702739782152,
    "clip_range": 0.18336142991180554,
    "gae_lambda": 0.8002755022406232,
    "arch": "medium",
    "r_first": 21.700851738417573,
    "r_hold": 1.9970644913005224,
    "r_allow": 0.8163486232366151,
    "p_wrong": -10.613635879473176,
    "p_fa": -14.573848764703802,
    "p_miss_base": -6.905212141698501,
    "miss_tau": 11.023386805701625
  },
  "dqn_best_params": {
    "lr": 0.0004747071272729068,
    "batch_size": 256,
    "gamma": 0.9704826267138855,
    "tau": 0.02009374022407815,
    "exploration_final_eps": 0.04948578490823492,
    "exploration_fraction": 0.10384800371647304,
    "target_update_interval": 2000,
    "buffer_size": 100000,
    "arch": "large",
    "r_first": 19.04144049249488,
    "r_hold": 5.124666079791968,
    "r_allow": 0.5479319485575203,
    "p_wrong": -11.518957169154575,
    "p_fa": -6.495620572198016,
    "p_miss_base": -7.73994225775086,
    "miss_tau": 5.701963959336666
  },
  "ppo_eval": {
    "accuracy": 0.9890254609306409,
    "selectivity": 0.9743474347434743,
    "speed_norm": 0.3533333333333334,
    "composite": 0.7310791033449262,
    "correct": 2253,
    "wrong": 0,
    "false_alarms": 57,
    "missed": 25,
    "mean_reward": 200.55315661185767,
    "mean_first_step": 97.0,
    "mean_detection_sec": 194.0
  },
  "dqn_eval": {
    "accuracy": 0.9969271290605795,
    "selectivity": 1.0,
    "speed_norm": 0.3546666666666667,
    "composite": 0.7407911618378694,
    "correct": 2271,
    "wrong": 0,
    "false_alarms": 0,
    "missed": 7,
    "mean_reward": 446.54543869481034,
    "mean_first_step": 96.8,
    "mean_detection_sec": 193.6
  },
  "gt_method": "attacker_ip (exact)"
}