{
  "score": 0.6804110014279505,
  "params": {
    "lr": 0.0004747071272729068,
    "batch_size": 256,
    "gamma": 0.9704826267138855,
    "tau": 0.02009374022407815,
    "exploration_final_eps": 0.04948578490823492,
    "exploration_fraction": 0.10384800371647304,
    "target_update_interval": 2000,
    "buffer_size": 100000,
    "arch": "large",
    "r_first": 19.04144049249488,
    "r_hold": 5.124666079791968,
    "r_allow": 0.5479319485575203,
    "p_wrong": -11.518957169154575,
    "p_fa": -6.495620572198016,
    "p_miss_base": -7.73994225775086,
    "miss_tau": 5.701963959336666
  }
}