{
  "score": 0.668697460731359,
  "params": {
    "lr": 0.0004754829662435213,
    "n_steps": 2048,
    "batch_size": 128,
    "gamma": 0.9282487869684428,
    "ent_coef": 0.017507702739782152,
    "clip_range": 0.18336142991180554,
    "gae_lambda": 0.8002755022406232,
    "arch": "medium",
    "r_first": 21.700851738417573,
    "r_hold": 1.9970644913005224,
    "r_allow": 0.8163486232366151,
    "p_wrong": -10.613635879473176,
    "p_fa": -14.573848764703802,
    "p_miss_base": -6.905212141698501,
    "miss_tau": 11.023386805701625
  }
}