{
  "total_samples": 578,
  "ROC_AUC": 0.9924328972421842,
  "PR_AUC": 0.9892651414886591,
  "F1": 0.9535353535353536,
  "Precision": 0.9365079365079365,
  "Recall": 0.9711934156378601,
  "FPR": 0.04776119402985075,
  "FNR": 0.02880658436213992,
  "TP": 236,
  "FP": 16,
  "TN": 319,
  "FN": 7,
  "threshold": 0.8471859296482412,
  "temperature": 0.9567861311073458,
  "window_len": 5,
  "timestamp": "2026-02-24T11:46:07.587361"
}