{
  "Val_A": {
    "split": "Val_A",
    "ROC-AUC": 0.9996719891887637,
    "PR-AUC": 0.9995876289353105,
    "F1": 0.9866666666666667,
    "Precision": 0.9817578772802653,
    "Recall": 0.9916247906197655,
    "FPR": 0.014360313315926894,
    "FNR": 0.008375209380234505,
    "TP": 592,
    "FP": 11,
    "TN": 755,
    "FN": 5
  },
  "Test_A": {
    "split": "Test_A",
    "ROC-AUC": 0.9987513721785604,
    "PR-AUC": 0.9983767624453259,
    "F1": 0.9800995024875622,
    "Precision": 0.9704433497536946,
    "Recall": 0.9899497487437185,
    "FPR": 0.02349869451697128,
    "FNR": 0.010050251256281407,
    "TP": 591,
    "FP": 18,
    "TN": 748,
    "FN": 6
  },
  "Test_B_chrono": {
    "split": "Test_B_chrono",
    "ROC-AUC": 0.9969189831104855,
    "PR-AUC": 0.9977771455955723,
    "F1": 0.9685138539042821,
    "Precision": 0.9564676616915423,
    "Recall": 0.9808673469387755,
    "FPR": 0.0603448275862069,
    "FNR": 0.01913265306122449,
    "TP": 769,
    "FP": 35,
    "TN": 545,
    "FN": 15
  }
}